"Week Ending Date","Geographic aggregation","Hospital Reporting Days","Percent Hospital Reporting Days","Number Hospitals Reporting Adult COVID-19 Admissions","Number Hospitals Reporting Pediatric COVID-19 Admissions","Number Hospitals Reporting Influenza Admissions","Number Hospitals Reporting Prevalent Influenza Hospitalizations","Number Hospitals Reporting Hospitalized Influenza ICU Patients","Number Hospitals Reporting Inpatient Beds","Number Hospitals Reporting ICU Beds","Number Hospitals Reporting Inpatient Beds Occupied","Number Hospitals Reporting ICU Beds Occupied","Number Hospitals Reporting Percent Inpatient Bed Occupancy","Number Hospitals Reporting Percent ICU Bed Occupancy","Number Hospitals Reporting Percent COVID-19 Inpatient Bed Occupancy","Number Hospitals Reporting Percent Influenza Inpatient Bed Occupancy","Number Hospitals Reporting Percent COVID-19 ICU Bed Occupancy","Number Hospitals Reporting Percent Influenza ICU Bed Occupancy","Number Hospitals Reporting Total COVID-19 Admissions","Number Hospitals Reporting Prevalent COVID-19 Hospitalizations","Number Hospitals Reporting Hospitalized COVID-19 ICU Patients","Weekly Average Adult COVID-19 Admissions","Weekly Total Adult COVID-19 Admissions","Weekly Average Pediatric COVID-19 Admissions","Weekly Total Pediatric COVID-19 Admissions","Weekly Average COVID-19 Admissions","Weekly Total COVID-19 Admissions","Weekly Average Influenza Admissions","Weekly Total Influenza Admissions","Weekly Average Prevalent COVID-19 Hospitalizations","Weekly Average Prevalent Influenza Hospitalizations","Weekly Average Hospitalized COVID-19 ICU Patients","Weekly Average Hospitalized Influenza ICU Patients","Weekly Average Inpatient Beds","Weekly Average ICU Beds","Weekly Average Inpatient Beds Occupied","Weekly Average ICU Beds Occupied","Weekly Average Percent Inpatient Bed Occupancy","Weekly Average Percent ICU Bed Occupancy","Weekly Average Percent COVID-19 Inpatient Bed Occupancy","Weekly Average Percent Influenza Inpatient Bed Occupancy","Weekly Average Percent COVID-19 ICU Bed Occupancy","Weekly Average Percent Influenza ICU Bed Occupancy","Percent Adult COVID-19 Admissions","Percent Pediatric COVID-19 Admissions","Percent Hospitals Reporting Adult COVID-19 Admissions","Percent Hospitals Reporting Pediatric COVID-19 Admissions","Percent Hospitals Reporting Influenza Admissions","Percent Hospitals Reporting Prevalent Influenza Hospitalizations","Percent Hospitals Reporting Hospitalized Influenza ICU Patients","Percent Hospitals Reporting Inpatient Beds","Percent Hospitals Reporting ICU Beds","Percent Hospitals Reporting Inpatient Beds Occupied","Percent Hospitals Reporting ICU Beds Occupied","Percent Hospitals Reporting Percent Inpatient Bed Occupancy","Percent Hospitals Reporting Percent ICU Bed Occupancy","Percent Hospitals Reporting Percent COVID-19 Inpatient Bed Occupancy","Percent Hospitals Reporting Percent Influenza Inpatient Bed Occupancy","Percent Hospitals Reporting Percent COVID-19 ICU Bed Occupancy","Percent Hospitals Reporting Percent Influenza ICU Bed Occupancy","Percent Hospitals Reporting Total COVID-19 Admissions","Percent Hospitals Reporting Prevalent COVID-19 Hospitalizations","Percent Hospitals Reporting Hospitalized COVID-19 ICU Patients","Absolute Change in the Percent Hospitals Reporting Adult COVID-19 Admissions from Prior Week","Absolute Change in the Percent Hospitals Reporting Pediatric COVID-19 Admissions from Prior Week","Absolute Change in the Percent Hospitals Reporting Influenza Admissions from Prior Week ","Absolute Change in the Percent Hospitals Reporting Prevalent Influenza Hospitalizations from Prior Week ","Absolute Change in the Percent Hospitals Reporting Hospitalized Influenza ICU Patients from Prior Week ","Absolute Change in the Percent Hospitals Reporting Inpatient Beds from Prior Week ","Absolute Change in the Percent Hospitals Reporting ICU Beds from Prior Week ","Absolute Change in the Percent Hospitals Reporting Inpatient Beds Occupied from Prior Week ","Absolute Change in the Percent Hospitals Reporting ICU Beds Occupied from Prior Week ","Absolute Change in the Percent Hospitals Reporting Percent Inpatient Bed Occupancy from Prior Week ","Absolute Change in the Percent Hospitals Reporting Percent ICU Bed Occupancy from Prior Week ","Absolute Change in the Percent Hospitals Reporting Percent COVID-19 Inpatient Bed Occupancy from Prior Week ","Absolute Change in the Percent Hospitals Reporting Percent Influenza Inpatient Bed Occupancy from Prior Week ","Absolute Change in the Percent Hospitals Reporting Percent COVID-19 ICU Bed Occupancy from Prior Week ","Absolute Change in the Percent Hospitals Reporting Percent Influenza ICU Bed Occupancy from Prior Week ","Absolute Change in the Percent Hospitals Reporting Total COVID-19 Admissions from Prior Week ","Absolute Change in the Percent Hospitals Reporting Prevalent COVID-19 Hospitalizations from Prior Week ","Absolute Change in the Percent Hospitals Reporting Hospitalized COVID-19 ICU Patients from Prior Week "
"2023-01-07","MI","953","97.94%","138","138","138","138","138","138","138","138","138","138","138","138","138","138","138","138","138","138","149.14","1,044","6.57","46","155.71","1,090","102","714","1,208.86","698.71","149.71","103.57","19,672.43","2,908.86","16,030.86","2,223.86","81.48%","76.44%","6.14%","3.55%","5.14%","3.56%","95.78%","4.22%","99.28%","99.28%","99.28%","99.28%","99.28%","99.28%","99.28%","99.28%","99.28%","99.28%","99.28%","99.28%","99.28%","99.28%","99.28%","99.28%","99.28%","99.28%","0.72","0.72","0.72","0.72","0.72","0.72","0.72","0.72","0.72","0.72","0.72","0.72","0.72","0.72","0.72","0.72","0.72","0.72"
"2023-01-14","MI","951","97.74%","137","137","137","137","137","137","137","137","137","137","137","137","137","137","137","137","137","137","121.86","853","5.57","39","127.43","892","45.71","320","1,010.71","402.57","133.71","70.43","19,439","2,886.43","15,941.14","2,181.86","81.97%","75.56%","5.20%","2.08%","4.62%","2.44%","95.63%","4.37%","98.56%","98.56%","98.56%","98.56%","98.56%","98.56%","98.56%","98.56%","98.56%","98.56%","98.56%","98.56%","98.56%","98.56%","98.56%","98.56%","98.56%","98.56%","-0.72","-0.72","-0.72","-0.72","-0.72","-0.72","-0.72","-0.72","-0.72","-0.72","-0.72","-0.72","-0.72","-0.72","-0.72","-0.72","-0.72","-0.72"
"2023-01-21","MI","948","97.43%","136","136","136","136","136","136","136","136","136","136","136","136","136","136","136","136","136","136","93","651","4","28","97","679","24.43","171","870.43","224.14","105.86","38.71","19,312.43","2,865.57","15,630.43","2,144","80.90%","74.76%","4.50%","1.16%","3.70%","1.35%","95.88%","4.12%","97.84%","97.84%","97.84%","97.84%","97.84%","97.84%","97.84%","97.84%","97.84%","97.84%","97.84%","97.84%","97.84%","97.84%","97.84%","97.84%","97.84%","97.84%","-0.72","-0.72","-0.72","-0.72","-0.72","-0.72","-0.72","-0.72","-0.72","-0.72","-0.72","-0.72","-0.72","-0.72","-0.72","-0.72","-0.72","-0.72"
"2023-01-28","MI","943","96.92%","136","136","136","136","136","136","136","136","136","136","136","136","136","136","136","136","136","136","84.86","594","4.43","31","89.29","625","12","84","688","124.71","86.71","15.71","19,280.86","2,861.57","15,431.14","2,068.14","80.00%","72.24%","3.57%","0.65%","3.03%","0.55%","95.04%","4.96%","97.84%","97.84%","97.84%","97.84%","97.84%","97.84%","97.84%","97.84%","97.84%","97.84%","97.84%","97.84%","97.84%","97.84%","97.84%","97.84%","97.84%","97.84%","0","0","0","0","0","0","0","0","0","0","0","0","0","0","0","0","0","0"
"2023-02-04","MI","948","97.43%","137","137","137","137","137","137","137","137","137","137","137","137","137","137","137","137","137","137","80.43","563","3.29","23","83.71","586","12.43","87","599.14","66.57","86.29","7.71","19,326.57","2,857.29","15,016.43","2,033.71","77.66%","71.13%","3.10%","0.34%","3.02%","0.27%","96.08%","3.92%","98.56%","98.56%","98.56%","98.56%","98.56%","98.56%","98.56%","98.56%","98.56%","98.56%","98.56%","98.56%","98.56%","98.56%","98.56%","98.56%","98.56%","98.56%","0.72","0.72","0.72","0.72","0.72","0.72","0.72","0.72","0.72","0.72","0.72","0.72","0.72","0.72","0.72","0.72","0.72","0.72"
"2023-02-11","MI","955","98.15%","138","138","138","138","138","138","138","138","138","138","138","138","138","138","138","138","138","138","80.29","562","9.29","65","89.57","627","8","56","586.86","47.86","79.71","7.57","19,545.57","2,873.43","15,356.14","2,090.71","78.52%","72.71%","3.00%","0.25%","2.78%","0.26%","89.63%","10.37%","99.28%","99.28%","99.28%","99.28%","99.28%","99.28%","99.28%","99.28%","99.28%","99.28%","99.28%","99.28%","99.28%","99.28%","99.28%","99.28%","99.28%","99.28%","0.72","0.72","0.72","0.72","0.72","0.72","0.72","0.72","0.72","0.72","0.72","0.72","0.72","0.72","0.72","0.72","0.72","0.72"
"2023-02-18","MI","961","98.77%","138","138","138","138","138","138","138","138","138","138","138","138","138","138","138","138","138","138","84.57","592","6.14","43","90.71","635","8.57","60","588.57","40.57","69.57","7.57","19,746.29","2,906.86","15,425.29","2,099.86","78.11%","72.23%","2.98%","0.21%","2.39%","0.26%","93.23%","6.77%","99.28%","99.28%","99.28%","99.28%","99.28%","99.28%","99.28%","99.28%","99.28%","99.28%","99.28%","99.28%","99.28%","99.28%","99.28%","99.28%","99.28%","99.28%","0","0","0","0","0","0","0","0","0","0","0","0","0","0","0","0","0","0"
"2023-02-25","MI","951","97.74%","138","138","138","138","138","138","138","138","138","138","138","138","138","138","138","138","138","138","88.86","622","6.14","43","95","665","7.71","54","623.86","41.43","66.29","8.14","19,332","2,863.57","15,132.86","2,046","78.23%","71.40%","3.22%","0.21%","2.31%","0.29%","93.53%","6.47%","99.28%","99.28%","99.28%","99.28%","99.28%","99.28%","99.28%","99.28%","99.28%","99.28%","99.28%","99.28%","99.28%","99.28%","99.28%","99.28%","99.28%","99.28%","0","0","0","0","0","0","0","0","0","0","0","0","0","0","0","0","0","0"
"2023-03-04","MI","959","98.56%","138","138","138","138","138","138","138","138","138","138","138","138","138","138","138","138","138","138","98.86","692","3.14","22","102","714","7.29","51","660.43","42.71","73.14","6.71","19,669.57","2,905.71","15,510.29","2,098.71","78.84%","72.22%","3.36%","0.22%","2.52%","0.23%","96.92%","3.08%","99.28%","99.28%","99.28%","99.28%","99.28%","99.28%","99.28%","99.28%","99.28%","99.28%","99.28%","99.28%","99.28%","99.28%","99.28%","99.28%","99.28%","99.28%","0","0","0","0","0","0","0","0","0","0","0","0","0","0","0","0","0","0"
"2023-03-11","MI","965","99.18%","139","139","139","139","139","139","139","139","139","139","139","139","139","139","139","139","139","139","90.71","635","3.57","25","94.29","660","5.14","36","607.29","27.14","76.14","2.43","19,741.71","2,916.57","15,554.14","2,111.43","78.78%","72.39%","3.08%","0.14%","2.61%","0.08%","96.21%","3.79%","100.00%","100.00%","100.00%","100.00%","100.00%","100.00%","100.00%","100.00%","100.00%","100.00%","100.00%","100.00%","100.00%","100.00%","100.00%","100.00%","100.00%","100.00%","0.72","0.72","0.72","0.72","0.72","0.72","0.72","0.72","0.72","0.72","0.72","0.72","0.72","0.72","0.72","0.72","0.72","0.72"
"2023-03-18","MI","963","98.97%","138","138","138","138","138","138","138","138","138","138","138","138","138","138","138","138","138","138","94","658","3","21","97","679","4.71","33","634.43","27","71.57","4.86","19,856.43","2,914.71","15,536.14","2,113.14","78.22%","72.49%","3.20%","0.14%","2.45%","0.17%","96.91%","3.09%","99.28%","99.28%","99.28%","99.28%","99.28%","99.28%","99.28%","99.28%","99.28%","99.28%","99.28%","99.28%","99.28%","99.28%","99.28%","99.28%","99.28%","99.28%","-0.72","-0.72","-0.72","-0.72","-0.72","-0.72","-0.72","-0.72","-0.72","-0.72","-0.72","-0.72","-0.72","-0.72","-0.72","-0.72","-0.72","-0.72"
"2023-03-25","MI","960","98.66%","138","138","138","138","138","138","138","138","138","138","138","138","138","138","138","138","138","138","92.14","645","1.86","13","94","658","3","21","627.57","18.86","82","4.57","19,866.14","2,928.86","15,629.14","2,127.86","78.66%","72.64%","3.16%","0.10%","2.80%","0.16%","98.02%","1.98%","99.28%","99.28%","99.28%","99.28%","99.28%","99.28%","99.28%","99.28%","99.28%","99.28%","99.28%","99.28%","99.28%","99.28%","99.28%","99.28%","99.28%","99.28%","0","0","0","0","0","0","0","0","0","0","0","0","0","0","0","0","0","0"
"2023-04-01","MI","961","98.77%","138","138","138","138","138","138","138","138","138","138","138","138","138","138","138","138","138","138","89.86","629","4.71","33","94.57","662","2.43","17","646.43","13","82.57","2.29","19,838.57","2,941.57","15,296.86","2,127","77.10%","72.31%","3.26%","0.07%","2.81%","0.08%","95.02%","4.98%","99.28%","99.28%","99.28%","99.28%","99.28%","99.28%","99.28%","99.28%","99.28%","99.28%","99.28%","99.28%","99.28%","99.28%","99.28%","99.28%","99.28%","99.28%","0","0","0","0","0","0","0","0","0","0","0","0","0","0","0","0","0","0"
"2023-04-08","MI","962","98.87%","138","138","138","138","138","138","138","138","138","138","138","138","138","138","138","138","138","138","79.43","556","1.43","10","80.86","566","3.57","25","602.43","16.43","73.14","3.14","19,849.29","2,893.14","15,203","2,106.43","76.58%","72.81%","3.03%","0.08%","2.53%","0.11%","98.23%","1.77%","99.28%","99.28%","99.28%","99.28%","99.28%","99.28%","99.28%","99.28%","99.28%","99.28%","99.28%","99.28%","99.28%","99.28%","99.28%","99.28%","99.28%","99.28%","0","0","0","0","0","0","0","0","0","0","0","0","0","0","0","0","0","0"
"2023-04-15","MI","964","99.08%","138","138","138","138","138","138","138","138","138","138","138","138","138","138","138","138","138","138","65.71","460","1.71","12","67.43","472","2.29","16","498.29","17.29","65","1.43","19,794.29","2,895.43","15,189.71","2,115.43","76.72%","73.05%","2.52%","0.09%","2.25%","0.05%","97.46%","2.54%","99.28%","99.28%","99.28%","99.28%","99.28%","99.28%","99.28%","99.28%","99.28%","99.28%","99.28%","99.28%","99.28%","99.28%","99.28%","99.28%","99.28%","99.28%","0","0","0","0","0","0","0","0","0","0","0","0","0","0","0","0","0","0"
"2023-04-22","MI","969","99.59%","139","139","139","139","139","139","139","139","139","139","139","139","139","139","139","139","139","139","63","441","2.14","15","65.14","456","1.14","8","445.29","11.71","67.43","0.57","19,853.43","2,881.43","15,413.14","2,103.43","77.63%","73.00%","2.24%","0.06%","2.34%","0.02%","96.71%","3.29%","100.00%","100.00%","100.00%","100.00%","100.00%","100.00%","100.00%","100.00%","100.00%","100.00%","100.00%","100.00%","100.00%","100.00%","100.00%","100.00%","100.00%","100.00%","0.72","0.72","0.72","0.72","0.72","0.72","0.72","0.72","0.72","0.72","0.72","0.72","0.72","0.72","0.72","0.72","0.72","0.72"
"2023-04-29","MI","966","99.28%","139","139","139","139","139","139","139","139","139","139","139","139","139","139","139","139","139","139","49.43","346","1.14","8","50.57","354","1","7","368.57","11.14","58.57","2.14","19,690.29","2,870.86","14,963.29","2,058.14","75.99%","71.69%","1.87%","0.06%","2.04%","0.07%","97.74%","2.26%","100.00%","100.00%","100.00%","100.00%","100.00%","100.00%","100.00%","100.00%","100.00%","100.00%","100.00%","100.00%","100.00%","100.00%","100.00%","100.00%","100.00%","100.00%","0","0","0","0","0","0","0","0","0","0","0","0","0","0","0","0","0","0"
"2023-05-06","MI","970","99.69%","139","139","139","139","139","139","139","139","139","139","139","139","139","139","139","139","139","139","45.57","319","2.43","17","48","336","2.43","17","342.71","11.29","47.71","2.14","19,948.14","2,884.14","15,236.29","2,076.14","76.37%","71.97%","1.72%","0.06%","1.66%","0.07%","94.94%","5.06%","100.00%","100.00%","100.00%","100.00%","100.00%","100.00%","100.00%","100.00%","100.00%","100.00%","100.00%","100.00%","100.00%","100.00%","100.00%","100.00%","100.00%","100.00%","0","0","0","0","0","0","0","0","0","0","0","0","0","0","0","0","0","0"
"2023-05-13","MI","969","99.59%","139","139","139","139","139","139","139","139","139","139","139","139","139","139","139","139","139","139","41.71","292","4.86","34","46.57","326","2.43","17","306.71","16","33.14","3.29","19,828.71","2,872.43","15,150.71","2,065.86","76.39%","71.91%","1.55%","0.08%","1.15%","0.11%","89.57%","10.43%","100.00%","100.00%","100.00%","100.00%","100.00%","100.00%","100.00%","100.00%","100.00%","100.00%","100.00%","100.00%","100.00%","100.00%","100.00%","100.00%","100.00%","100.00%","0","0","0","0","0","0","0","0","0","0","0","0","0","0","0","0","0","0"
"2023-05-20","MI","970","99.69%","139","139","139","139","139","139","139","139","139","139","139","139","139","139","139","139","139","139","36.71","257","0.71","5","37.43","262","1.86","13","268.43","17.57","35.57","2","19,785.14","2,869.14","15,078","2,055.43","76.20%","71.64%","1.36%","0.09%","1.24%","0.07%","98.09%","1.91%","100.00%","100.00%","100.00%","100.00%","100.00%","100.00%","100.00%","100.00%","100.00%","100.00%","100.00%","100.00%","100.00%","100.00%","100.00%","100.00%","100.00%","100.00%","0","0","0","0","0","0","0","0","0","0","0","0","0","0","0","0","0","0"
"2023-05-27","MI","971","99.79%","139","139","139","139","139","139","139","139","139","139","139","139","139","139","139","139","139","139","30.57","214","0.29","2","30.86","216","2.57","18","231.71","17.43","37.71","2","19,818.43","2,880","15,078.29","2,083.86","76.06%","72.35%","1.17%","0.09%","1.31%","0.07%","99.07%","0.93%","100.00%","100.00%","100.00%","100.00%","100.00%","100.00%","100.00%","100.00%","100.00%","100.00%","100.00%","100.00%","100.00%","100.00%","100.00%","100.00%","100.00%","100.00%","0","0","0","0","0","0","0","0","0","0","0","0","0","0","0","0","0","0"
"2023-06-03","MI","970","99.69%","139","139","139","139","139","139","139","139","139","139","139","139","139","139","139","139","139","139","28.43","199","0.29","2","28.71","201","2","14","209.71","26.29","28.71","0.71","19,718.43","2,857.71","14,915.86","2,078.29","75.62%","72.72%","1.06%","0.13%","1.00%","0.02%","99.00%","1.00%","100.00%","100.00%","100.00%","100.00%","100.00%","100.00%","100.00%","100.00%","100.00%","100.00%","100.00%","100.00%","100.00%","100.00%","100.00%","100.00%","100.00%","100.00%","0","0","0","0","0","0","0","0","0","0","0","0","0","0","0","0","0","0"
"2023-06-10","MI","966","99.28%","138","138","138","138","138","138","138","138","138","138","138","138","138","138","138","138","138","138","21.29","149","0.43","3","21.71","152","2","14","178.71","43.14","23.57","1.71","19,824.29","2,869.86","15,245.14","2,094.86","76.89%","73.00%","0.90%","0.22%","0.82%","0.06%","98.03%","1.97%","99.28%","99.28%","99.28%","99.28%","99.28%","99.28%","99.28%","99.28%","99.28%","99.28%","99.28%","99.28%","99.28%","99.28%","99.28%","99.28%","99.28%","99.28%","-0.72","-0.72","-0.72","-0.72","-0.72","-0.72","-0.72","-0.72","-0.72","-0.72","-0.72","-0.72","-0.72","-0.72","-0.72","-0.72","-0.72","-0.72"
"2023-06-17","MI","951","97.74%","139","139","139","139","139","139","139","139","139","139","139","139","139","139","139","139","139","139","20.43","143","0.86","6","21.29","149","1.57","11","159.86","37.71","22.57","2.43","19,603.29","2,839.57","15,033.29","2,059.71","76.68%","72.53%","0.82%","0.19%","0.79%","0.09%","95.97%","4.03%","100.00%","100.00%","100.00%","100.00%","100.00%","100.00%","100.00%","100.00%","100.00%","100.00%","100.00%","100.00%","100.00%","100.00%","100.00%","100.00%","100.00%","100.00%","0.72","0.72","0.72","0.72","0.72","0.72","0.72","0.72","0.72","0.72","0.72","0.72","0.72","0.72","0.72","0.72","0.72","0.72"
"2023-06-24","MI","969","99.59%","139","139","139","139","139","139","139","139","139","139","139","139","139","139","139","139","139","139","22","154","0.71","5","22.71","159","2","14","140.29","40.43","24","1.29","19,701.86","2,872.71","15,136.71","2,069.29","76.82%","72.02%","0.71%","0.21%","0.84%","0.05%","96.86%","3.14%","100.00%","100.00%","100.00%","100.00%","100.00%","100.00%","100.00%","100.00%","100.00%","100.00%","100.00%","100.00%","100.00%","100.00%","100.00%","100.00%","100.00%","100.00%","0","0","0","0","0","0","0","0","0","0","0","0","0","0","0","0","0","0"
"2023-07-01","MI","964","99.08%","139","139","139","139","139","139","139","139","139","139","139","139","139","139","139","139","139","139","20.57","144","0.14","1","20.71","145","1.29","9","141.43","38.14","16.71","0.57","19,468.29","2,819.14","14,882","2,013","76.44%","71.41%","0.73%","0.20%","0.59%","0.02%","99.31%","0.69%","100.00%","100.00%","100.00%","100.00%","100.00%","100.00%","100.00%","100.00%","100.00%","100.00%","100.00%","100.00%","100.00%","100.00%","100.00%","100.00%","100.00%","100.00%","0","0","0","0","0","0","0","0","0","0","0","0","0","0","0","0","0","0"
"2023-07-08","MI","967","99.38%","139","139","139","139","139","139","139","139","139","139","139","139","139","139","139","139","139","139","15.71","110","0.29","2","16","112","0.71","5","122.71","84.57","12.86","0.14","19,300.71","2,756.86","14,357.86","1,919.71","74.40%","69.65%","0.64%","0.44%","0.47%","0.01%","98.21%","1.79%","100.00%","100.00%","100.00%","100.00%","100.00%","100.00%","100.00%","100.00%","100.00%","100.00%","100.00%","100.00%","100.00%","100.00%","100.00%","100.00%","100.00%","100.00%","0","0","0","0","0","0","0","0","0","0","0","0","0","0","0","0","0","0"
"2023-07-15","MI","966","99.28%","139","139","139","139","139","139","139","139","139","139","139","139","139","139","139","139","139","139","14.71","103","0","0","14.71","103","0.43","3","105.86","18","11.43","0","19,634","2,826.57","15,079.29","2,027.86","76.76%","71.73%","0.54%","0.09%","0.40%","0.00%","100.00%","0.00%","100.00%","100.00%","100.00%","100.00%","100.00%","100.00%","100.00%","100.00%","100.00%","100.00%","100.00%","100.00%","100.00%","100.00%","100.00%","100.00%","100.00%","100.00%","0","0","0","0","0","0","0","0","0","0","0","0","0","0","0","0","0","0"
"2023-07-22","MI","969","99.59%","139","139","139","139","139","139","139","139","139","139","139","139","139","139","139","139","139","139","13.57","95","0.29","2","13.86","97","0.43","3","95.86","7.43","11.29","1.14","19,840.43","2,850.43","14,998.43","2,014.14","75.59%","70.66%","0.48%","0.04%","0.40%","0.04%","97.94%","2.06%","100.00%","100.00%","100.00%","100.00%","100.00%","100.00%","100.00%","100.00%","100.00%","100.00%","100.00%","100.00%","100.00%","100.00%","100.00%","100.00%","100.00%","100.00%","0","0","0","0","0","0","0","0","0","0","0","0","0","0","0","0","0","0"
"2023-07-29","MI","967","99.38%","139","139","139","139","139","139","139","139","139","139","139","139","139","139","139","139","139","139","13.71","96","0.14","1","13.86","97","0.57","4","98.86","19.71","15.43","1.57","19,727.57","2,798","14,746.29","1,980.14","74.74%","70.77%","0.50%","0.10%","0.55%","0.06%","98.97%","1.03%","100.00%","100.00%","100.00%","100.00%","100.00%","100.00%","100.00%","100.00%","100.00%","100.00%","100.00%","100.00%","100.00%","100.00%","100.00%","100.00%","100.00%","100.00%","0","0","0","0","0","0","0","0","0","0","0","0","0","0","0","0","0","0"
"2023-08-05","MI","969","99.59%","139","139","139","139","139","139","139","139","139","139","139","139","139","139","139","139","139","139","17.14","120","1","7","18.14","127","0.57","4","117.86","34.29","16.14","1.14","19,890.29","2,843.57","15,000.14","2,048.29","75.40%","72.02%","0.59%","0.17%","0.57%","0.04%","94.49%","5.51%","100.00%","100.00%","100.00%","100.00%","100.00%","100.00%","100.00%","100.00%","100.00%","100.00%","100.00%","100.00%","100.00%","100.00%","100.00%","100.00%","100.00%","100.00%","0","0","0","0","0","0","0","0","0","0","0","0","0","0","0","0","0","0"
"2023-08-12","MI","961","98.77%","139","139","139","139","139","139","139","139","139","139","139","139","139","139","139","139","139","139","27.57","193","1.14","8","28.71","201","1.57","11","158.86","48.43","15.14","0.14","19,686.86","2,831.29","14,879.71","2,032.29","75.57%","71.75%","0.81%","0.25%","0.54%","0.00%","96.02%","3.98%","100.00%","100.00%","100.00%","100.00%","100.00%","100.00%","100.00%","100.00%","100.00%","100.00%","100.00%","100.00%","100.00%","100.00%","100.00%","100.00%","100.00%","100.00%","0","0","0","0","0","0","0","0","0","0","0","0","0","0","0","0","0","0"
"2023-08-19","MI","966","99.28%","139","139","139","139","139","139","139","139","139","139","139","139","139","139","139","139","139","139","36.29","254","1.29","9","37.57","263","2.43","17","188.86","38.86","16.29","1.57","19,622","2,844.71","14,763.14","2,040.86","75.23%","71.74%","0.96%","0.20%","0.57%","0.06%","96.58%","3.42%","100.00%","100.00%","100.00%","100.00%","100.00%","100.00%","100.00%","100.00%","100.00%","100.00%","100.00%","100.00%","100.00%","100.00%","100.00%","100.00%","100.00%","100.00%","0","0","0","0","0","0","0","0","0","0","0","0","0","0","0","0","0","0"
"2023-08-26","MI","969","99.59%","139","139","139","139","139","139","139","139","139","139","139","139","139","139","139","139","139","139","41.29","289","1.43","10","42.71","299","1.43","10","218.57","49.57","22","2.43","19,656.71","2,804.14","14,701.14","1,981.71","74.78%","70.64%","1.11%","0.25%","0.78%","0.09%","96.66%","3.34%","100.00%","100.00%","100.00%","100.00%","100.00%","100.00%","100.00%","100.00%","100.00%","100.00%","100.00%","100.00%","100.00%","100.00%","100.00%","100.00%","100.00%","100.00%","0","0","0","0","0","0","0","0","0","0","0","0","0","0","0","0","0","0"
"2023-09-02","MI","962","98.87%","139","139","139","139","139","139","139","139","139","139","139","139","139","139","139","139","139","139","45.29","317","2.71","19","48","336","1.71","12","273.71","36.43","32.57","0.71","19,796.29","2,835.86","14,780.86","2,009.86","74.65%","70.87%","1.38%","0.19%","1.15%","0.03%","94.35%","5.65%","100.00%","100.00%","100.00%","100.00%","100.00%","100.00%","100.00%","100.00%","100.00%","100.00%","100.00%","100.00%","100.00%","100.00%","100.00%","100.00%","100.00%","100.00%","0","0","0","0","0","0","0","0","0","0","0","0","0","0","0","0","0","0"
"2023-09-09","MI","961","98.77%","138","138","138","138","138","138","138","138","138","138","138","138","138","138","138","138","138","138","56.71","397","2.71","19","59.43","416","0.29","2","353.86","46.29","44.86","0.71","19,841.14","2,834","14,948.43","2,009.86","75.32%","70.91%","1.78%","0.24%","1.58%","0.03%","95.43%","4.57%","99.28%","99.28%","99.28%","99.28%","99.28%","99.28%","99.28%","99.28%","99.28%","99.28%","99.28%","99.28%","99.28%","99.28%","99.28%","99.28%","99.28%","99.28%","-0.72","-0.72","-0.72","-0.72","-0.72","-0.72","-0.72","-0.72","-0.72","-0.72","-0.72","-0.72","-0.72","-0.72","-0.72","-0.72","-0.72","-0.72"
"2023-09-16","MI","967","99.38%","139","139","139","139","139","139","139","139","139","139","139","139","139","139","139","139","139","139","64.57","452","1.71","12","66.29","464","1.29","9","396.43","34.14","45.14","0.86","19,927.43","2,842.57","15,342.43","2,100.86","76.98%","73.90%","1.99%","0.17%","1.59%","0.03%","97.41%","2.59%","100.00%","100.00%","100.00%","100.00%","100.00%","100.00%","100.00%","100.00%","100.00%","100.00%","100.00%","100.00%","100.00%","100.00%","100.00%","100.00%","100.00%","100.00%","0.72","0.72","0.72","0.72","0.72","0.72","0.72","0.72","0.72","0.72","0.72","0.72","0.72","0.72","0.72","0.72","0.72","0.72"
"2023-09-23","MI","966","99.28%","139","139","139","139","139","139","139","139","139","139","139","139","139","139","139","139","139","139","74.71","523","3.43","24","78.14","547","2.43","17","455.43","40.29","49","2.71","19,837.57","2,805.14","15,275.57","2,082.86","76.99%","74.25%","2.30%","0.20%","1.75%","0.10%","95.61%","4.39%","100.00%","100.00%","100.00%","100.00%","100.00%","100.00%","100.00%","100.00%","100.00%","100.00%","100.00%","100.00%","100.00%","100.00%","100.00%","100.00%","100.00%","100.00%","0","0","0","0","0","0","0","0","0","0","0","0","0","0","0","0","0","0"
"2023-09-30","MI","967","99.38%","139","139","139","139","139","139","139","139","139","139","139","139","139","139","139","139","139","139","75.71","530","2.57","18","78.29","548","1.71","12","485.57","35.29","57.57","2.14","20,127.14","2,834.14","15,468.43","2,095.71","76.84%","73.94%","2.41%","0.18%","2.03%","0.08%","96.72%","3.28%","100.00%","100.00%","100.00%","100.00%","100.00%","100.00%","100.00%","100.00%","100.00%","100.00%","100.00%","100.00%","100.00%","100.00%","100.00%","100.00%","100.00%","100.00%","0","0","0","0","0","0","0","0","0","0","0","0","0","0","0","0","0","0"
"2023-10-07","MI","966","99.28%","139","139","139","139","139","139","139","139","139","139","139","139","139","139","139","139","139","139","70.57","494","1.14","8","71.71","502","2.43","17","475.43","40.29","63","1.57","20,028.43","2,815","15,407.43","2,127","76.91%","75.55%","2.37%","0.20%","2.24%","0.06%","98.41%","1.59%","100.00%","100.00%","100.00%","100.00%","100.00%","100.00%","100.00%","100.00%","100.00%","100.00%","100.00%","100.00%","100.00%","100.00%","100.00%","100.00%","100.00%","100.00%","0","0","0","0","0","0","0","0","0","0","0","0","0","0","0","0","0","0"
"2023-10-14","MI","968","99.49%","139","139","139","139","139","139","139","139","139","139","139","139","139","139","139","139","139","139","63.57","445","2","14","65.57","459","2.86","20","457.57","38.43","52.43","1.86","20,161.86","2,824.71","15,522.14","2,111.71","76.97%","74.75%","2.27%","0.19%","1.86%","0.07%","96.95%","3.05%","100.00%","100.00%","100.00%","100.00%","100.00%","100.00%","100.00%","100.00%","100.00%","100.00%","100.00%","100.00%","100.00%","100.00%","100.00%","100.00%","100.00%","100.00%","0","0","0","0","0","0","0","0","0","0","0","0","0","0","0","0","0","0"
"2023-10-21","MI","970","99.69%","139","139","139","139","139","139","139","139","139","139","139","139","139","139","139","139","139","139","65.14","456","1.43","10","66.57","466","3","21","456.57","38.71","60.14","0.71","20,221.14","2,827.14","15,662.57","2,136.86","77.44%","75.58%","2.26%","0.19%","2.13%","0.03%","97.85%","2.15%","100.00%","100.00%","100.00%","100.00%","100.00%","100.00%","100.00%","100.00%","100.00%","100.00%","100.00%","100.00%","100.00%","100.00%","100.00%","100.00%","100.00%","100.00%","0","0","0","0","0","0","0","0","0","0","0","0","0","0","0","0","0","0"
"2023-10-28","MI","973","100.00%","139","139","139","139","139","139","139","139","139","139","139","139","139","139","139","139","139","139","69.86","489","2.71","19","72.57","508","1.71","12","446.86","36.86","48.86","1.86","20,310.86","2,821.57","15,717.71","2,133.86","77.38%","75.62%","2.20%","0.18%","1.73%","0.07%","96.26%","3.74%","100.00%","100.00%","100.00%","100.00%","100.00%","100.00%","100.00%","100.00%","100.00%","100.00%","100.00%","100.00%","100.00%","100.00%","100.00%","100.00%","100.00%","100.00%","0","0","0","0","0","0","0","0","0","0","0","0","0","0","0","0","0","0"
"2023-11-04","MI","973","100.00%","139","139","139","139","139","139","139","139","139","139","139","139","139","139","139","139","139","139","62.43","437","1.71","12","64.14","449","4.86","34","432","43.71","49.43","2.86","20,125.43","2,824","15,411","2,076.14","76.58%","73.52%","2.15%","0.22%","1.75%","0.10%","97.33%","2.67%","100.00%","100.00%","100.00%","100.00%","100.00%","100.00%","100.00%","100.00%","100.00%","100.00%","100.00%","100.00%","100.00%","100.00%","100.00%","100.00%","100.00%","100.00%","0","0","0","0","0","0","0","0","0","0","0","0","0","0","0","0","0","0"
"2023-11-11","MI","972","99.90%","139","139","139","139","139","139","139","139","139","139","139","139","139","139","139","139","139","139","71.57","501","2.14","15","73.71","516","4.29","30","459.86","64.86","61.57","3.57","20,227.43","2,843.14","15,736.57","2,115.29","77.79%","74.39%","2.27%","0.32%","2.17%","0.13%","97.09%","2.91%","100.00%","100.00%","100.00%","100.00%","100.00%","100.00%","100.00%","100.00%","100.00%","100.00%","100.00%","100.00%","100.00%","100.00%","100.00%","100.00%","100.00%","100.00%","0","0","0","0","0","0","0","0","0","0","0","0","0","0","0","0","0","0"
"2023-11-18","MI","972","99.90%","139","139","139","139","139","139","139","139","139","139","139","139","139","139","139","139","139","139","87.29","611","4","28","91.29","639","7.43","52","514.43","49.86","61.71","7.86","20,314.14","2,864.43","15,832","2,149.14","77.93%","75.02%","2.53%","0.25%","2.16%","0.27%","95.62%","4.38%","100.00%","100.00%","100.00%","100.00%","100.00%","100.00%","100.00%","100.00%","100.00%","100.00%","100.00%","100.00%","100.00%","100.00%","100.00%","100.00%","100.00%","100.00%","0","0","0","0","0","0","0","0","0","0","0","0","0","0","0","0","0","0"
"2023-11-25","MI","966","99.28%","139","139","139","139","139","139","139","139","139","139","139","139","139","139","139","139","139","139","110","770","2.43","17","112.43","787","12.57","88","656","91.14","71.57","11.14","19,992.71","2,824.43","15,080.71","2,110.29","75.42%","74.70%","3.28%","0.46%","2.53%","0.39%","97.84%","2.16%","100.00%","100.00%","100.00%","100.00%","100.00%","100.00%","100.00%","100.00%","100.00%","100.00%","100.00%","100.00%","100.00%","100.00%","100.00%","100.00%","100.00%","100.00%","0","0","0","0","0","0","0","0","0","0","0","0","0","0","0","0","0","0"
"2023-12-02","MI","965","99.18%","138","138","138","138","138","138","138","138","138","138","138","138","138","138","138","138","138","138","146.29","1,024","3.43","24","149.71","1,048","15.14","106","823.29","78.86","88.43","8.43","20,145.57","2,847.43","15,721.86","2,157.71","78.01%","75.77%","4.09%","0.39%","3.11%","0.30%","97.71%","2.29%","99.28%","99.28%","99.28%","99.28%","99.28%","99.28%","99.28%","99.28%","99.28%","99.28%","99.28%","99.28%","99.28%","99.28%","99.28%","99.28%","99.28%","99.28%","-0.72","-0.72","-0.72","-0.72","-0.72","-0.72","-0.72","-0.72","-0.72","-0.72","-0.72","-0.72","-0.72","-0.72","-0.72","-0.72","-0.72","-0.72"
"2023-12-09","MI","963","98.97%","138","138","138","138","138","138","138","138","138","138","138","138","138","138","138","138","138","138","136.14","953","3.86","27","140","980","24.14","169","877","120.14","89.29","10.43","20,258","2,859.71","16,035.86","2,225","79.13%","77.78%","4.33%","0.60%","3.12%","0.37%","97.24%","2.76%","99.28%","99.28%","99.28%","99.28%","99.28%","99.28%","99.28%","99.28%","99.28%","99.28%","99.28%","99.28%","99.28%","99.28%","99.28%","99.28%","99.28%","99.28%","0","0","0","0","0","0","0","0","0","0","0","0","0","0","0","0","0","0"
"2023-12-16","MI","961","98.77%","138","138","138","138","138","138","138","138","138","138","138","138","138","138","138","138","138","138","129.86","909","4.57","32","134.43","941","33.86","237","871.43","139.57","108.43","16.14","20,169","2,821","15,795.71","2,157.86","78.32%","76.48%","4.32%","0.69%","3.85%","0.58%","96.60%","3.40%","99.28%","99.28%","99.28%","99.28%","99.28%","99.28%","99.28%","99.28%","99.28%","99.28%","99.28%","99.28%","99.28%","99.28%","99.28%","99.28%","99.28%","99.28%","0","0","0","0","0","0","0","0","0","0","0","0","0","0","0","0","0","0"
"2023-12-23","MI","966","99.28%","138","138","138","138","138","138","138","138","138","138","138","138","138","138","138","138","138","138","148.71","1,041","8","56","156.71","1,097","34.86","244","923.14","177.29","107.57","24","20,387","2,877.14","15,791.14","2,189.86","77.44%","76.11%","4.53%","0.87%","3.74%","0.83%","94.90%","5.10%","99.28%","99.28%","99.28%","99.28%","99.28%","99.28%","99.28%","99.28%","99.28%","99.28%","99.28%","99.28%","99.28%","99.28%","99.28%","99.28%","99.28%","99.28%","0","0","0","0","0","0","0","0","0","0","0","0","0","0","0","0","0","0"
"2023-12-30","MI","943","96.92%","138","138","138","138","138","138","138","138","138","138","138","138","138","138","138","138","138","138","174.71","1,223","8.71","61","183.43","1,284","74.57","522","1,049.86","335.71","121.29","39","19,719.43","2,766.57","14,679.29","2,041.86","74.43%","73.81%","5.32%","1.71%","4.38%","1.41%","95.25%","4.75%","99.28%","99.28%","99.28%","99.28%","99.28%","99.28%","99.28%","99.28%","99.28%","99.28%","99.28%","99.28%","99.28%","99.28%","99.28%","99.28%","99.28%","99.28%","0","0","0","0","0","0","0","0","0","0","0","0","0","0","0","0","0","0"
"2024-01-06","MI","965","99.18%","138","138","138","138","138","138","138","138","138","138","138","138","138","138","138","138","138","138","167.71","1,174","8.43","59","176.14","1,233","65","455","1,197.57","423.29","138","50.57","20,521.71","2,890.29","16,132.71","2,233.29","78.60%","77.26%","5.84%","2.06%","4.77%","1.75%","95.21%","4.79%","99.28%","99.28%","99.28%","99.28%","99.28%","99.28%","99.28%","99.28%","99.28%","99.28%","99.28%","99.28%","99.28%","99.28%","99.28%","99.28%","99.28%","99.28%","0","0","0","0","0","0","0","0","0","0","0","0","0","0","0","0","0","0"
"2024-01-13","MI","968","99.49%","139","139","139","139","139","139","139","139","139","139","139","139","139","139","139","139","139","139","143","1,001","6.86","48","149.86","1,049","51.57","361","1,044.86","309","134.86","41","20,392.57","2,847.14","16,328.14","2,240.14","80.07%","78.67%","5.13%","1.51%","4.74%","1.44%","95.42%","4.58%","100.00%","100.00%","100.00%","100.00%","100.00%","100.00%","100.00%","100.00%","100.00%","100.00%","100.00%","100.00%","100.00%","100.00%","100.00%","100.00%","100.00%","100.00%","0.72","0.72","0.72","0.72","0.72","0.72","0.72","0.72","0.72","0.72","0.72","0.72","0.72","0.72","0.72","0.72","0.72","0.72"
"2024-01-20","MI","971","99.79%","139","139","139","139","139","139","139","139","139","139","139","139","139","139","139","139","139","139","99.86","699","2.86","20","102.71","719","45.71","320","861.43","256.43","103","40.43","20,413.29","2,843.29","15,983","2,181.43","78.29%","76.71%","4.22%","1.26%","3.63%","1.42%","97.22%","2.78%","100.00%","100.00%","100.00%","100.00%","100.00%","100.00%","100.00%","100.00%","100.00%","100.00%","100.00%","100.00%","100.00%","100.00%","100.00%","100.00%","100.00%","100.00%","0","0","0","0","0","0","0","0","0","0","0","0","0","0","0","0","0","0"
"2024-01-27","MI","970","99.69%","139","139","139","139","139","139","139","139","139","139","139","139","139","139","139","139","139","139","86.29","604","3.43","24","89.71","628","48.71","341","676.29","225.14","83","37","20,517.29","2,884.86","15,980.86","2,167.86","77.89%","75.15%","3.30%","1.10%","2.88%","1.28%","96.18%","3.82%","100.00%","100.00%","100.00%","100.00%","100.00%","100.00%","100.00%","100.00%","100.00%","100.00%","100.00%","100.00%","100.00%","100.00%","100.00%","100.00%","100.00%","100.00%","0","0","0","0","0","0","0","0","0","0","0","0","0","0","0","0","0","0"
"2024-02-03","MI","970","99.69%","139","139","139","139","139","139","139","139","139","139","139","139","139","139","139","139","139","139","85.71","600","3.43","24","89.14","624","59.86","419","615","235.86","76","49","20,503.29","2,897.29","15,883.14","2,192.57","77.46%","75.67%","3.00%","1.15%","2.62%","1.69%","96.15%","3.85%","100.00%","100.00%","100.00%","100.00%","100.00%","100.00%","100.00%","100.00%","100.00%","100.00%","100.00%","100.00%","100.00%","100.00%","100.00%","100.00%","100.00%","100.00%","0","0","0","0","0","0","0","0","0","0","0","0","0","0","0","0","0","0"
"2024-02-10","MI","972","99.90%","139","139","139","139","139","139","139","139","139","139","139","139","139","139","139","139","139","139","79.71","558","2.43","17","82.14","575","84","588","551","337.29","70","54.43","20,527.14","2,887.71","16,127.71","2,208.43","78.56%","76.47%","2.68%","1.64%","2.42%","1.88%","97.04%","2.96%","100.00%","100.00%","100.00%","100.00%","100.00%","100.00%","100.00%","100.00%","100.00%","100.00%","100.00%","100.00%","100.00%","100.00%","100.00%","100.00%","100.00%","100.00%","0","0","0","0","0","0","0","0","0","0","0","0","0","0","0","0","0","0"
"2024-02-17","MI","972","99.90%","139","139","139","139","139","139","139","139","139","139","139","139","139","139","139","139","139","139","73.86","517","3.57","25","77.43","542","94.71","663","538.14","537.29","68.29","58.71","20,502.43","2,880","16,001.43","2,182.14","78.04%","75.76%","2.62%","2.62%","2.37%","2.04%","95.39%","4.61%","100.00%","100.00%","100.00%","100.00%","100.00%","100.00%","100.00%","100.00%","100.00%","100.00%","100.00%","100.00%","100.00%","100.00%","100.00%","100.00%","100.00%","100.00%","0","0","0","0","0","0","0","0","0","0","0","0","0","0","0","0","0","0"
"2024-02-24","MI","971","99.79%","139","139","139","139","139","139","139","139","139","139","139","139","139","139","139","139","139","139","74.14","519","3.29","23","77.43","542","118.86","832","509.86","619.71","63.86","63","20,281.71","2,829.43","15,886.57","2,166.14","78.33%","76.56%","2.51%","3.06%","2.26%","2.23%","95.76%","4.24%","100.00%","100.00%","100.00%","100.00%","100.00%","100.00%","100.00%","100.00%","100.00%","100.00%","100.00%","100.00%","100.00%","100.00%","100.00%","100.00%","100.00%","100.00%","0","0","0","0","0","0","0","0","0","0","0","0","0","0","0","0","0","0"
"2024-03-02","MI","971","99.79%","139","139","139","139","139","139","139","139","139","139","139","139","139","139","139","139","139","139","72.29","506","3.86","27","76.14","533","128.29","898","501.57","602.43","60.14","77.86","20,329.71","2,849.14","15,979.86","2,206.57","78.59%","77.44%","2.47%","2.96%","2.11%","2.73%","94.93%","5.07%","100.00%","100.00%","100.00%","100.00%","100.00%","100.00%","100.00%","100.00%","100.00%","100.00%","100.00%","100.00%","100.00%","100.00%","100.00%","100.00%","100.00%","100.00%","0","0","0","0","0","0","0","0","0","0","0","0","0","0","0","0","0","0"
"2024-03-09","MI","970","99.69%","139","139","139","139","139","139","139","139","139","139","139","139","139","139","139","139","139","139","61.71","432","4.86","34","66.57","466","111","777","438.14","585","64.14","70.43","20,593","2,890","16,144.86","2,246.43","78.39%","77.73%","2.13%","2.84%","2.22%","2.44%","92.70%","7.30%","100.00%","100.00%","100.00%","100.00%","100.00%","100.00%","100.00%","100.00%","100.00%","100.00%","100.00%","100.00%","100.00%","100.00%","100.00%","100.00%","100.00%","100.00%","0","0","0","0","0","0","0","0","0","0","0","0","0","0","0","0","0","0"
"2024-03-16","MI","969","99.59%","139","139","139","139","139","139","139","139","139","139","139","139","139","139","139","139","139","139","52.14","365","3.57","25","55.71","390","76.43","535","367.57","470.86","53.57","53.43","20,443.14","2,843.57","16,045.71","2,185.43","78.49%","76.84%","1.80%","2.30%","1.88%","1.88%","93.59%","6.41%","100.00%","100.00%","100.00%","100.00%","100.00%","100.00%","100.00%","100.00%","100.00%","100.00%","100.00%","100.00%","100.00%","100.00%","100.00%","100.00%","100.00%","100.00%","0","0","0","0","0","0","0","0","0","0","0","0","0","0","0","0","0","0"
"2024-03-23","MI","965","99.18%","139","139","139","139","139","139","139","139","139","139","139","139","139","139","139","139","139","139","42","294","1.43","10","43.43","304","70.57","494","300.43","372.86","40.29","54.57","20,384.71","2,861.43","15,876","2,185.43","77.86%","76.37%","1.47%","1.83%","1.41%","1.90%","96.71%","3.29%","100.00%","100.00%","100.00%","100.00%","100.00%","100.00%","100.00%","100.00%","100.00%","100.00%","100.00%","100.00%","100.00%","100.00%","100.00%","100.00%","100.00%","100.00%","0","0","0","0","0","0","0","0","0","0","0","0","0","0","0","0","0","0"
"2024-03-30","MI","970","99.69%","139","139","139","139","139","139","139","139","139","139","139","139","139","139","139","139","139","139","34.43","241","2.29","16","36.71","257","68.29","478","258.71","439.86","31","44.29","20,545.86","2,863","15,800.43","2,149.29","76.89%","75.07%","1.26%","2.14%","1.08%","1.55%","93.77%","6.23%","100.00%","100.00%","100.00%","100.00%","100.00%","100.00%","100.00%","100.00%","100.00%","100.00%","100.00%","100.00%","100.00%","100.00%","100.00%","100.00%","100.00%","100.00%","0","0","0","0","0","0","0","0","0","0","0","0","0","0","0","0","0","0"
"2024-04-06","MI","969","99.59%","139","139","139","139","139","139","139","139","139","139","139","139","139","139","139","139","139","139","34.57","242","2","14","36.57","256","58.29","408","221.29","392.43","29.29","34","20,338.57","2,828","15,481","2,101.57","76.11%","74.30%","1.09%","1.93%","1.04%","1.20%","94.53%","5.47%","100.00%","100.00%","100.00%","100.00%","100.00%","100.00%","100.00%","100.00%","100.00%","100.00%","100.00%","100.00%","100.00%","100.00%","100.00%","100.00%","100.00%","100.00%","0","0","0","0","0","0","0","0","0","0","0","0","0","0","0","0","0","0"
"2024-04-13","MI","967","99.38%","139","139","139","139","139","139","139","139","139","139","139","139","139","139","139","139","139","139","27.29","191","0.71","5","28","196","42.29","296","200.57","303.86","24","26","20,262.43","2,804","15,711.43","2,121.71","77.51%","75.62%","0.99%","1.50%","0.85%","0.93%","97.45%","2.55%","100.00%","100.00%","100.00%","100.00%","100.00%","100.00%","100.00%","100.00%","100.00%","100.00%","100.00%","100.00%","100.00%","100.00%","100.00%","100.00%","100.00%","100.00%","0","0","0","0","0","0","0","0","0","0","0","0","0","0","0","0","0","0"
"2024-04-20","MI","961","98.77%","139","139","139","139","139","139","139","139","139","139","139","139","139","139","139","139","139","139","24.43","171","0.57","4","25","175","22","154","167.57","303.86","20.86","22.71","20,169.43","2,814","15,832","2,107.29","78.50%","74.84%","0.83%","1.51%","0.74%","0.81%","97.71%","2.29%","100.00%","100.00%","100.00%","100.00%","100.00%","100.00%","100.00%","100.00%","100.00%","100.00%","100.00%","100.00%","100.00%","100.00%","100.00%","100.00%","100.00%","100.00%","0","0","0","0","0","0","0","0","0","0","0","0","0","0","0","0","0","0"
"2024-04-27","MI","964","99.08%","139","139","139","139","139","139","139","139","139","139","139","139","139","139","139","139","139","139","18.86","132","0.29","2","19.14","134","15.86","111","135.57","219.86","13.29","10.29","20,351.29","2,849.86","15,734.57","2,076.86","77.30%","72.87%","0.67%","1.08%","0.47%","0.36%","98.51%","1.49%","100.00%","100.00%","100.00%","100.00%","100.00%","100.00%","100.00%","100.00%","100.00%","100.00%","100.00%","100.00%","100.00%","100.00%","100.00%","100.00%","100.00%","100.00%","0","0","0","0","0","0","0","0","0","0","0","0","0","0","0","0","0","0"
"2024-05-04","MI","841","86.43%","139","139","139","139","139","139","139","139","139","139","139","139","139","139","139","139","139","139","17.86","125","0.43","3","18.29","128","11.29","79","121.57","191.86","13.29","7.57","18,163.14","2,559.57","13,949","1,895.71","76.71%","74.06%","0.67%","1.08%","0.52%","0.30%","97.66%","2.34%","100.00%","100.00%","100.00%","100.00%","100.00%","100.00%","100.00%","100.00%","100.00%","100.00%","100.00%","100.00%","100.00%","100.00%","100.00%","100.00%","100.00%","100.00%","0","0","0","0","0","0","0","0","0","0","0","0","0","0","0","0","0","0"
"2024-05-11","MI","687","70.61%","104","104","104","104","104","103","104","103","104","103","104","103","103","104","104","104","103","104","14.71","103","0.29","2","15","105","7.14","50","96.57","205.57","10.71","4.43","15,720.57","2,238.14","12,124","1,711.29","77.07%","76.46%","0.61%","0.53%","0.48%","0.20%","98.10%","1.90%","74.82%","74.82%","74.82%","74.82%","74.82%","74.10%","74.82%","74.10%","74.82%","74.10%","74.82%","74.10%","74.10%","74.82%","74.82%","74.82%","74.10%","74.82%","-25.18","-25.18","-25.18","-25.18","-25.18","-25.9","-25.18","-25.9","-25.18","-25.9","-25.18","-25.9","-25.9","-25.18","-25.18","-25.18","-25.9","-25.18"
"2024-05-18","MI","674","69.27%","102","102","102","102","102","102","102","102","102","102","102","102","102","102","102","102","102","102","11.29","79","0.43","3","11.71","82","4.43","31","87","96.86","14.43","3.71","15,217.29","2,191.71","11,951.57","1,666","78.57%","76.04%","0.57%","0.15%","0.66%","0.17%","96.34%","3.66%","73.38%","73.38%","73.38%","73.38%","73.38%","73.38%","73.38%","73.38%","73.38%","73.38%","73.38%","73.38%","73.38%","73.38%","73.38%","73.38%","73.38%","73.38%","-1.44","-1.44","-1.44","-1.44","-1.44","-0.72","-1.44","-0.72","-1.44","-0.72","-1.44","-0.72","-0.72","-1.44","-1.44","-1.44","-0.72","-1.44"
"2024-05-25","MI","644","66.19%","101","101","101","101","101","101","101","101","101","101","101","101","101","101","101","101","101","101","11.71","82","0.14","1","11.86","83","4.14","29","83.57","24.43","11.86","4.71","14,153","2,056.71","11,167.29","1,565.71","78.91%","76.19%","0.59%","0.17%","0.58%","0.23%","98.80%","1.20%","72.66%","72.66%","72.66%","72.66%","72.66%","72.66%","72.66%","72.66%","72.66%","72.66%","72.66%","72.66%","72.66%","72.66%","72.66%","72.66%","72.66%","72.66%","-0.72","-0.72","-0.72","-0.72","-0.72","-0.72","-0.72","-0.72","-0.72","-0.72","-0.72","-0.72","-0.72","-0.72","-0.72","-0.72","-0.72","-0.72"
"2024-06-01","MI","640","65.78%","100","100","100","100","100","100","100","100","100","100","100","100","100","100","100","100","100","100","12.14","85","0.57","4","12.71","89","2.14","15","82.29","14.43","11.14","2.29","14,640.57","2,105.86","11,455.43","1,604.29","78.13%","76.15%","0.56%","0.10%","0.53%","0.11%","95.51%","4.49%","71.94%","71.94%","71.94%","71.94%","71.94%","71.94%","71.94%","71.94%","71.94%","71.94%","71.94%","71.94%","71.94%","71.94%","71.94%","71.94%","71.94%","71.94%","-0.72","-0.72","-0.72","-0.72","-0.72","-0.72","-0.72","-0.72","-0.72","-0.72","-0.72","-0.72","-0.72","-0.72","-0.72","-0.72","-0.72","-0.72"
"2024-06-08","MI","643","66.08%","99","99","99","99","99","99","99","99","99","99","99","99","99","99","99","99","99","99","11","77","0.57","4","11.57","81","1.29","9","69.86","10.29","12.14","1.43","14,316.43","2,093.29","11,331.14","1,604.57","79.04%","76.64%","0.49%","0.07%","0.57%","0.07%","95.06%","4.94%","71.22%","71.22%","71.22%","71.22%","71.22%","71.22%","71.22%","71.22%","71.22%","71.22%","71.22%","71.22%","71.22%","71.22%","71.22%","71.22%","71.22%","71.22%","-0.72","-0.72","-0.72","-0.72","-0.72","-0.72","-0.72","-0.72","-0.72","-0.72","-0.72","-0.72","-0.72","-0.72","-0.72","-0.72","-0.72","-0.72"
"2024-06-15","MI","647","66.50%","102","102","102","102","102","102","102","102","102","102","102","102","102","102","102","102","102","102","12","84","0.57","4","12.57","88","1.29","9","78.14","11.43","8.43","1","14,211.57","2,067.43","11,179.14","1,586.86","78.56%","76.77%","0.55%","0.08%","0.41%","0.05%","95.45%","4.55%","73.38%","73.38%","73.38%","73.38%","73.38%","73.38%","73.38%","73.38%","73.38%","73.38%","73.38%","73.38%","73.38%","73.38%","73.38%","73.38%","73.38%","73.38%","2.16","2.16","2.16","2.16","2.16","2.16","2.16","2.16","2.16","2.16","2.16","2.16","2.16","2.16","2.16","2.16","2.16","2.16"
"2024-06-22","MI","648","66.60%","99","99","99","99","99","99","99","99","99","99","99","99","99","99","99","99","99","99","14.43","101","0.43","3","14.86","104","1.29","9","86.14","11.57","7.14","2.29","14,616","2,120.86","11,583.57","1,658.14","79.10%","78.10%","0.59%","0.08%","0.34%","0.11%","97.12%","2.88%","71.22%","71.22%","71.22%","71.22%","71.22%","71.22%","71.22%","71.22%","71.22%","71.22%","71.22%","71.22%","71.22%","71.22%","71.22%","71.22%","71.22%","71.22%","-2.16","-2.16","-2.16","-2.16","-2.16","-2.16","-2.16","-2.16","-2.16","-2.16","-2.16","-2.16","-2.16","-2.16","-2.16","-2.16","-2.16","-2.16"
"2024-06-29","MI","684","70.30%","111","111","111","111","111","111","111","111","111","111","111","111","111","111","111","111","111","111","13.71","96","0.43","3","14.14","99","1.57","11","90.71","10.29","5.57","1.71","15,289.14","2,251.43","11,908","1,740","77.71%","77.22%","0.59%","0.07%","0.24%","0.08%","96.97%","3.03%","79.86%","79.86%","79.86%","79.86%","79.86%","79.86%","79.86%","79.86%","79.86%","79.86%","79.86%","79.86%","79.86%","79.86%","79.86%","79.86%","79.86%","79.86%","8.63","8.63","8.63","8.63","8.63","8.63","8.63","8.63","8.63","8.63","8.63","8.63","8.63","8.63","8.63","8.63","8.63","8.63"
"2024-07-06","MI","672","69.06%","113","113","113","113","113","113","113","113","113","113","113","113","113","113","113","113","113","113","22.57","158","0.57","4","23.14","162","1","7","107.71","6.29","11","0.57","14,515.71","2,141.29","10,883.71","1,620.86","74.91%","75.75%","0.74%","0.04%","0.50%","0.03%","97.53%","2.47%","81.30%","81.30%","81.30%","81.30%","81.30%","81.30%","81.30%","81.30%","81.30%","81.30%","81.30%","81.30%","81.30%","81.30%","81.30%","81.30%","81.30%","81.30%","1.44","1.44","1.44","1.44","1.44","1.44","1.44","1.44","1.44","1.44","1.44","1.44","1.44","1.44","1.44","1.44","1.44","1.44"
"2024-07-13","MI","710","72.97%","114","114","114","114","114","114","114","114","114","114","114","114","114","114","114","114","114","114","22.43","157","1.14","8","23.57","165","1.29","9","148.29","6.86","15","0.57","15,612.86","2,281.86","12,140","1,759.57","77.69%","77.11%","0.95%","0.04%","0.66%","0.02%","95.15%","4.85%","82.01%","82.01%","82.01%","82.01%","82.01%","82.01%","82.01%","82.01%","82.01%","82.01%","82.01%","82.01%","82.01%","82.01%","82.01%","82.01%","82.01%","82.01%","0.72","0.72","0.72","0.72","0.72","0.72","0.72","0.72","0.72","0.72","0.72","0.72","0.72","0.72","0.72","0.72","0.72","0.72"
"2024-07-20","MI","672","69.06%","113","113","113","113","113","113","113","113","113","113","113","113","113","113","113","113","113","113","22.43","157","0.86","6","23.29","163","1.14","8","155.14","7.29","17.57","1.86","14,131.71","2,126.57","10,878.71","1,606.29","76.93%","75.51%","1.10%","0.05%","0.83%","0.08%","96.32%","3.68%","81.30%","81.30%","81.30%","81.30%","81.30%","81.30%","81.30%","81.30%","81.30%","81.30%","81.30%","81.30%","81.30%","81.30%","81.30%","81.30%","81.30%","81.30%","-0.72","-0.72","-0.72","-0.72","-0.72","-0.72","-0.72","-0.72","-0.72","-0.72","-0.72","-0.72","-0.72","-0.72","-0.72","-0.72","-0.72","-0.72"
"2024-07-27","MI","661","67.93%","109","109","109","109","109","109","109","109","109","109","109","109","109","109","109","109","109","109","27.43","192","2.43","17","29.86","209","1","7","172.71","8.71","22.43","1.14","13,874.43","2,106.29","10,737","1,569.57","77.19%","74.51%","1.24%","0.06%","1.06%","0.06%","91.87%","8.13%","78.42%","78.42%","78.42%","78.42%","78.42%","78.42%","78.42%","78.42%","78.42%","78.42%","78.42%","78.42%","78.42%","78.42%","78.42%","78.42%","78.42%","78.42%","-2.88","-2.88","-2.88","-2.88","-2.88","-2.88","-2.88","-2.88","-2.88","-2.88","-2.88","-2.88","-2.88","-2.88","-2.88","-2.88","-2.88","-2.88"
"2024-08-03","MI","677","69.58%","112","112","112","112","112","112","112","112","112","112","112","112","112","112","112","112","112","112","35.57","249","1.86","13","37.43","262","0.29","2","234.43","5.71","19","0","14,538.86","2,158.71","11,288.71","1,597.71","77.49%","74.06%","1.62%","0.04%","0.90%","0.00%","95.04%","4.96%","80.58%","80.58%","80.58%","80.58%","80.58%","80.58%","80.58%","80.58%","80.58%","80.58%","80.58%","80.58%","80.58%","80.58%","80.58%","80.58%","80.58%","80.58%","2.16","2.16","2.16","2.16","2.16","2.16","2.16","2.16","2.16","2.16","2.16","2.16","2.16","2.16","2.16","2.16","2.16","2.16"
"2024-08-10","MI","621","63.82%","110","110","110","110","110","109","109","109","109","109","109","109","109","109","109","110","109","109","34.57","242","1.86","13","36.43","255","0.71","5","237.86","4","17.86","0","12,924.57","1,950.29","9,889.57","1,441.57","76.33%","73.88%","1.85%","0.03%","0.91%","0.00%","94.90%","5.10%","79.14%","79.14%","79.14%","79.14%","79.14%","78.42%","78.42%","78.42%","78.42%","78.42%","78.42%","78.42%","78.42%","78.42%","78.42%","79.14%","78.42%","78.42%","-1.44","-1.44","-1.44","-1.44","-1.44","-2.16","-2.16","-2.16","-2.16","-2.16","-2.16","-2.16","-2.16","-2.16","-2.16","-1.44","-2.16","-2.16"
"2024-08-17","MI","634","65.16%","103","103","103","103","103","103","103","103","103","103","103","103","103","103","103","103","103","103","45.71","320","1.43","10","47.14","330","1.29","9","308.86","4.71","22.86","0","13,875.43","2,103.14","10,604.57","1,513","76.36%","72.05%","2.23%","0.03%","1.07%","0.00%","96.97%","3.03%","74.10%","74.10%","74.10%","74.10%","74.10%","74.10%","74.10%","74.10%","74.10%","74.10%","74.10%","74.10%","74.10%","74.10%","74.10%","74.10%","74.10%","74.10%","-5.04","-5.04","-5.04","-5.04","-5.04","-4.32","-4.32","-4.32","-4.32","-4.32","-4.32","-4.32","-4.32","-4.32","-4.32","-5.04","-4.32","-4.32"
"2024-08-24","MI","624","64.13%","104","104","104","104","104","104","104","104","104","104","104","104","104","104","104","104","104","104","49.29","345","4.29","30","53.57","375","1.71","12","307.86","3.71","31.14","0.86","13,406.29","2,062","10,228.71","1,487.71","76.21%","72.26%","2.29%","0.03%","1.51%","0.04%","92.00%","8.00%","74.82%","74.82%","74.82%","74.82%","74.82%","74.82%","74.82%","74.82%","74.82%","74.82%","74.82%","74.82%","74.82%","74.82%","74.82%","74.82%","74.82%","74.82%","0.72","0.72","0.72","0.72","0.72","0.72","0.72","0.72","0.72","0.72","0.72","0.72","0.72","0.72","0.72","0.72","0.72","0.72"
"2024-08-31","MI","689","70.81%","112","112","112","112","112","112","112","112","112","112","112","112","112","112","112","112","112","112","61.86","433","2.43","17","64.29","450","1.43","10","357.57","2.86","37.14","0.14","15,564.86","2,305.14","12,034","1,650.14","77.07%","71.56%","2.29%","0.02%","1.60%","0.01%","96.22%","3.78%","80.58%","80.58%","80.58%","80.58%","80.58%","80.58%","80.58%","80.58%","80.58%","80.58%","80.58%","80.58%","80.58%","80.58%","80.58%","80.58%","80.58%","80.58%","5.76","5.76","5.76","5.76","5.76","5.76","5.76","5.76","5.76","5.76","5.76","5.76","5.76","5.76","5.76","5.76","5.76","5.76"
"2024-09-07","MI","674","69.27%","112","112","112","112","112","112","112","112","112","112","112","112","112","112","112","112","112","112","55","385","2","14","57","399","1.29","9","344.14","6.57","36.57","0.43","15,056.14","2,202.86","11,460.86","1,555.57","76.06%","70.60%","2.27%","0.04%","1.64%","0.02%","96.49%","3.51%","80.58%","80.58%","80.58%","80.58%","80.58%","80.58%","80.58%","80.58%","80.58%","80.58%","80.58%","80.58%","80.58%","80.58%","80.58%","80.58%","80.58%","80.58%","0","0","0","0","0","0","0","0","0","0","0","0","0","0","0","0","0","0"
"2024-09-14","MI","712","73.18%","113","113","113","113","113","113","113","113","113","113","113","113","113","113","113","113","113","113","67.57","473","3.14","22","70.71","495","2.29","16","383.43","4","45.43","0.71","16,133","2,347.71","12,493.71","1,668.29","77.28%","71.10%","2.37%","0.03%","1.93%","0.03%","95.56%","4.44%","81.30%","81.30%","81.30%","81.30%","81.30%","81.30%","81.30%","81.30%","81.30%","81.30%","81.30%","81.30%","81.30%","81.30%","81.30%","81.30%","81.30%","81.30%","0.72","0.72","0.72","0.72","0.72","0.72","0.72","0.72","0.72","0.72","0.72","0.72","0.72","0.72","0.72","0.72","0.72","0.72"
"2024-09-21","MI","688","70.71%","112","112","112","112","112","112","112","112","112","112","112","112","112","112","112","112","112","112","63.86","447","2.71","19","66.57","466","1.57","11","388.43","7.29","45.71","1.57","14,947.43","2,201.57","11,690.57","1,604","77.98%","72.84%","2.60%","0.05%","2.05%","0.07%","95.92%","4.08%","80.58%","80.58%","80.58%","80.58%","80.58%","80.58%","80.58%","80.58%","80.58%","80.58%","80.58%","80.58%","80.58%","80.58%","80.58%","80.58%","80.58%","80.58%","-0.72","-0.72","-0.72","-0.72","-0.72","-0.72","-0.72","-0.72","-0.72","-0.72","-0.72","-0.72","-0.72","-0.72","-0.72","-0.72","-0.72","-0.72"
"2024-09-28","MI","658","67.63%","117","117","117","117","117","116","117","116","117","116","117","116","116","117","117","117","116","117","49","343","2.43","17","51.43","360","1.29","9","330.14","6","39.43","1.86","13,651.14","2,059.71","10,621.29","1,527.14","77.54%","73.79%","2.42%","0.05%","1.92%","0.09%","95.28%","4.72%","84.17%","84.17%","84.17%","84.17%","84.17%","83.45%","84.17%","83.45%","84.17%","83.45%","84.17%","83.45%","83.45%","84.17%","84.17%","84.17%","83.45%","84.17%","3.6","3.6","3.6","3.6","3.6","2.88","3.6","2.88","3.6","2.88","3.6","2.88","2.88","3.6","3.6","3.6","2.88","3.6"
"2024-10-05","MI","664","68.24%","110","110","110","110","110","110","110","110","110","110","110","110","110","110","110","110","110","110","46.14","323","1.71","12","47.86","335","1.71","12","322.14","5.57","47.71","1.29","14,539.71","2,118.14","11,230.29","1,541.86","76.99%","72.93%","2.21%","0.04%","2.25%","0.06%","96.42%","3.58%","79.14%","79.14%","79.14%","79.14%","79.14%","79.14%","79.14%","79.14%","79.14%","79.14%","79.14%","79.14%","79.14%","79.14%","79.14%","79.14%","79.14%","79.14%","-5.04","-5.04","-5.04","-5.04","-5.04","-4.32","-5.04","-4.32","-5.04","-4.32","-5.04","-4.32","-4.32","-5.04","-5.04","-5.04","-4.32","-5.04"
